date,home_team,away_team,temperature,wind_direction,wind_speed,first_home_ba,first_home_obp,first_home_slg,first_home_ops,second_home_ba,second_home_obp,second_home_slg,second_home_ops,third_home_ba,third_home_obp,third_home_slg,third_home_ops,first_away_ba,first_away_obp,first_away_slg,first_away_ops,second_away_ba,second_away_obp,second_away_slg,second_away_ops,third_away_ba,third_away_obp,third_away_slg,third_away_ops,home_ERA,home_WHIP,home_FIP,home_KOP,home_BBP,away_ERA,away_WHIP,away_FIP,away_KOP,away_BBP,first_inning_total
2019/04/01,ATL,CHN,58,ltor,4,.091,.231,.273,.503,.091,.167,.091,.258,.600,.692,.800,1.492,.231,.286,.231,.516,.308,.438,.615,1.053,.273,.467,.545,1.012,3.16,-1,-1,-1,-1,3.46,-1,-1,-1,-1,4
2019/04/03,ATL,CHN,70,fromlf,4,.429,.529,.571,1.101,.200,.294,.200,.494,.500,.611,.714,1.325,.273,.467,.273,.739,.313,.450,.625,1.075,.267,.421,.467,.888,5.40,1.2,4.2,0.3333333333333333,0.09523809523809523,3.00,1.0,5.366666666666667,0.13043478260869565,0.08695652173913043,0
2019/04/04,ATL,CHN,67,ltor,10,.118,.211,.412,.622,.222,.364,.222,.586,.412,.565,.588,1.153,.263,.300,.263,.563,.238,.360,.476,.836,.278,.458,.444,.903,0.00,1.6666666666666667,8.2,0.0,0.2857142857142857,10.13,4.090909090909091,15.018181818181816,0.25,0.4375,0
2019/04/05,ATL,MIA,71,tolf,6,.182,.250,.455,.705,.182,.333,.182,.515,.400,.571,.550,1.121,.231,.421,.538,.960,.179,.233,.214,.448,.214,.353,.429,.782,5.72,-1,-1,-1,-1,5.06,0.9803921568627452,1.0431372549019606,0.3181818181818182,0.0,0
2019/04/06,ATL,MIA,72,fromlf,6,.231,.286,.462,.747,.423,.516,.615,1.132,.375,.531,.500,1.031,.188,.391,.438,.829,.194,.265,.226,.491,.176,.333,.353,.686,6.23,1.707317073170732,8.809756097560976,0.2,0.25,0.00,0.5,1.7000000000000002,0.2222222222222222,0.0,1
2019/04/07,ATL,MIA,76,ltor,9,.387,.472,.548,1.021,.148,.281,.148,.429,.407,.568,.556,1.123,.286,.318,.381,.699,.529,.579,.706,1.285,.176,.263,.206,.469,0.00,2.5,4.7,0.14285714285714285,0.19047619047619047,3.60,1.0,0.6000000000000001,0.4,0.05,2
2019/04/11,ATL,NYN,78,fromlf,12,.364,.429,.500,.929,.184,.326,.237,.563,.400,.520,.575,1.095,.167,.318,.306,.624,.366,.435,.878,1.313,.200,.265,.356,.621,0.00,0.5714285714285714,2.0571428571428574,0.3181818181818182,0.09090909090909091,0.87,1.188118811881188,3.497029702970297,0.2619047619047619,0.09523809523809523,1
2019/04/12,ATL,NYN,75,ltor,6,.179,.289,.333,.622,.186,.314,.256,.570,.378,.491,.556,1.046,.353,.450,.471,.921,.283,.353,.435,.788,.180,.241,.320,.561,4.35,1.2871287128712872,7.556435643564357,0.19047619047619047,0.14285714285714285,10.24,1.956521739130435,5.265217391304349,0.1956521739130435,0.17391304347826086,1
2019/04/13,ATL,NYN,79,fromlf,8,.302,.362,.415,.777,.213,.327,.298,.625,.362,.492,.532,1.023,.359,.444,.487,.932,.370,.442,.891,1.334,.340,.450,.620,1.070,1.64,1.4545454545454546,3.9272727272727277,0.10416666666666667,0.125,9.00,2.1666666666666665,7.033333333333333,0.0967741935483871,0.03225806451612903,4
2019/04/14,ATL,NYN,67,rtol,15,.321,.397,.429,.825,.240,.367,.400,.767,.365,.484,.519,1.004,.217,.345,.413,.758,.360,.439,.860,1.299,.182,.237,.327,.565,6.00,1.5333333333333334,5.133333333333334,0.25757575757575757,0.12121212121212122,3.18,1.1176470588235294,2.847058823529412,0.39705882352941174,0.04411764705882353,0
2019/04/16,ATL,ARI,74,fromrf,6,.328,.397,.459,.856,.264,.400,.472,.872,.345,.478,.491,.969,.333,.391,.603,.994,.254,.250,.508,.758,.217,.299,.333,.632,0.00,0.6818181818181819,2.5181818181818185,0.1836734693877551,0.061224489795918366,3.52,1.1920529801324504,3.332450331125828,0.3384615384615385,0.16923076923076924,0
2019/04/17,ATL,ARI,78,fromrf,8,.333,.397,.500,.897,.246,.386,.439,.824,.333,.459,.483,.943,.273,.368,.485,.853,.234,.319,.344,.663,.371,.413,.586,.999,2.84,0.9016393442622951,3.5278688524590165,0.2608695652173913,0.10869565217391304,7.41,1.5337423312883436,6.267484662576687,0.2077922077922078,0.1038961038961039,0
2019/04/18,ATL,ARI,71,fromcf,9,.310,.372,.465,.837,.233,.343,.467,.810,.323,.443,.462,.905,.250,.250,.500,.750,.213,.260,.277,.537,.365,.413,.568,.980,2.68,-1,-1,-1,-1,5.17,1.3157894736842106,3.923684210526316,0.22058823529411764,0.058823529411764705,1
2019/04/26,ATL,COL,70,tocf,13,.273,.339,.424,.764,.261,.375,.477,.852,.326,.441,.500,.941,.279,.333,.471,.804,.292,.361,.500,.861,.278,.327,.464,.791,1.38,1.0671936758893281,3.239525691699605,0.17307692307692307,0.0673076923076923,3.55,1.2295081967213115,3.855737704918033,0.13725490196078433,0.0392156862745098,1
2019/04/27,ATL,COL,75,fromrf,11,.282,.351,.427,.778,.220,.291,.360,.651,.313,.431,.479,.910,.275,.328,.459,.786,.297,.363,.535,.897,.263,.300,.368,.668,4.54,-1,-1,-1,-1,2.78,1.1464968152866242,4.378343949044586,0.23622047244094488,0.10236220472440945,1
2019/04/28,ATL,COL,76,rtol,11,.278,.345,.426,.770,.261,.382,.478,.860,.313,.433,.505,.938,.272,.323,.456,.779,.292,.356,.547,.903,.250,.280,.458,.738,3.96,1.0288065843621401,4.023045267489712,0.2857142857142857,0.08163265306122448,12.00,2.3333333333333335,6.45,0.14285714285714285,0.09523809523809523,3
2019/04/29,ATL,SDN,81,fromlf,9,.292,.355,.487,.842,.263,.391,.505,.897,.324,.448,.539,.987,.227,.333,.455,.788,.203,.265,.473,.738,.242,.330,.384,.714,1.69,1.3725490196078431,2.7098039215686276,0.2653061224489796,0.10204081632653061,3.60,1.08,4.0,0.22772277227722773,0.06930693069306931,1
2019/04/30,ATL,SDN,82,fromcf,9,.299,.359,.513,.872,.261,.343,.522,.864,.311,.434,.519,.953,.240,.355,.440,.795,.205,.264,.462,.726,.235,.328,.373,.700,5.40,1.6025641025641026,4.706410256410257,0.2535211267605634,0.11971830985915492,1.67,0.6844106463878328,2.9338403041825094,0.30303030303030304,0.08080808080808081,1
2019/05/01,ATL,SDN,79,fromlf,6,.289,.348,.496,.844,.260,.339,.521,.860,.300,.421,.500,.921,.248,.290,.446,.735,.232,.286,.561,.847,.236,.325,.368,.693,2.30,1.118421052631579,3.561842105263158,0.2047244094488189,0.05511811023622047,5.16,-1,-1,-1,-1,1
2019/05/02,ATL,SDN,77,fromlf,5,.296,.353,.520,.873,.263,.336,.545,.882,.307,.423,.509,.932,.151,.223,.256,.479,.233,.284,.547,.831,.236,.323,.391,.713,6.00,1.1666666666666667,6.366666666666667,0.2,0.04,3.04,1.0687022900763359,3.887022900763359,0.19444444444444445,0.046296296296296294,0
2019/05/14,ATL,SLN,69,tolf,10,.279,.369,.483,.852,.268,.333,.486,.819,.308,.403,.526,.929,.201,.318,.336,.654,.270,.350,.479,.828,.321,.408,.564,.972,5.94,1.4814814814814816,7.088888888888889,0.13157894736842105,0.06578947368421052,4.32,1.308641975308642,4.48395061728395,0.2640449438202247,0.07303370786516854,3
2019/05/15,ATL,SLN,73,ltor,3,.273,.366,.473,.840,.262,.325,.476,.801,.304,.399,.519,.918,.201,.319,.338,.656,.269,.351,.473,.824,.321,.413,.560,.973,1.21,1.0616438356164384,2.7205479452054795,0.2440944881889764,0.08661417322834646,5.35,1.7134831460674156,5.643820224719102,0.20710059171597633,0.1301775147928994,0
2019/05/16,ATL,SLN,81,tolf,7,.273,.364,.468,.831,.255,.318,.463,.781,.304,.401,.516,.917,.199,.323,.333,.656,.266,.354,.467,.822,.319,.410,.552,.962,4.26,1.294820717131474,4.634262948207171,0.24299065420560748,0.102803738317757,4.15,1.2529002320185614,4.777726218097448,0.2032967032967033,0.07692307692307693,0
2019/05/17,ATL,MIL,80,rtol,6,.278,.370,.468,.839,.247,.309,.448,.757,.315,.411,.539,.951,.265,.325,.403,.728,.342,.458,.760,1.218,.277,.338,.504,.841,3.25,1.2211981566820276,3.799078341013825,0.22282608695652173,0.04891304347826087,4.57,1.2837837837837838,5.60990990990991,0.1736842105263158,0.11052631578947368,1
2019/05/18,ATL,MIL,85,fromrf,10,.290,.385,.481,.867,.244,.304,.456,.760,.312,.406,.547,.953,.265,.327,.400,.727,.336,.451,.745,1.196,.274,.333,.493,.826,4.50,1.2807881773399017,3.938916256157636,0.25842696629213485,0.09550561797752809,3.20,1.3513513513513513,4.38918918918919,0.26506024096385544,0.10843373493975904,2
2019/05/19,ATL,MIL,83,rtol,10,.281,.375,.467,.842,.244,.306,.451,.758,.314,.406,.566,.972,.274,.333,.416,.749,.327,.444,.725,1.169,.262,.331,.537,.868,8.02,1.6666666666666667,8.249019607843138,0.14,0.08,3.72,1.350210970464135,3.0734177215189877,0.28780487804878047,0.08292682926829269,2
2019/05/28,ATL,WAS,89,rtol,11,.277,.368,.480,.848,.262,.320,.482,.802,.317,.406,.577,.983,.238,.284,.413,.696,.272,.339,.390,.729,.322,.419,.664,1.083,2.88,1.1371841155234657,3.7595667870036102,0.22466960352422907,0.05726872246696035,3.25,1.0056657223796035,2.874220963172805,0.30633802816901406,0.06338028169014084,0
2019/05/29,ATL,WAS,91,rtol,10,.275,.364,.473,.838,.260,.317,.475,.792,.311,.402,.566,.968,.269,.319,.433,.752,.270,.342,.386,.728,.318,.424,.655,1.079,4.33,1.2547528517110267,3.675285171102662,0.2445414847161572,0.09170305676855896,5.10,1.7444717444717446,4.944471744471745,0.20398009950248755,0.12437810945273632,4
2019/05/31,ATL,DET,83,rtol,15,.270,.358,.464,.823,.255,.311,.466,.777,.308,.398,.561,.959,.208,.299,.343,.642,.208,.300,.383,.683,.269,.316,.457,.772,5.67,1.2962962962962963,6.6567901234567906,0.16551724137931034,0.05517241379310345,2.97,1.2956810631229236,3.9308970099667775,0.23574144486692014,0.08745247148288973,0
2019/06/01,ATL,DET,87,rtol,7,.274,.361,.465,.826,.255,.310,.462,.772,.307,.396,.555,.951,.230,.316,.399,.715,.210,.303,.379,.682,.268,.313,.465,.778,1.07,0.896414342629482,2.9410358565737056,0.22439024390243903,0.07317073170731707,4.18,1.4257425742574255,4.843564356435643,0.17272727272727273,0.06363636363636363,1
2019/06/02,ATL,DET,84,tocf,10,.277,.361,.464,.825,.258,.312,.474,.786,.306,.394,.563,.957,.234,.318,.415,.733,.225,.313,.395,.709,.263,.308,.456,.764,3.53,1.2691131498470947,4.56085626911315,0.22340425531914893,0.11702127659574468,2.85,1.0249307479224377,2.853739612188366,0.29931972789115646,0.05102040816326531,0
2019/06/10,ATL,PIT,79,tolf,6,.279,.363,.482,.845,.257,.307,.478,.785,.312,.401,.592,.993,.299,.352,.419,.770,.345,.399,.545,.944,.283,.324,.448,.772,6.15,1.5017064846416384,4.087372013651877,0.22304832713754646,0.08550185873605948,4.44,1.2150837988826817,3.8424581005586593,0.1875,0.06578947368421052,1
2019/06/11,ATL,PIT,80,rtol,8,.277,.360,.488,.848,.262,.316,.484,.800,.311,.401,.598,.999,.295,.346,.410,.756,.176,.300,.412,.712,.289,.329,.477,.806,5.89,1.2903225806451613,6.748387096774193,0.19473684210526315,0.04736842105263158,5.20,1.4661654135338344,5.530827067669173,0.22268907563025211,0.11764705882352941,2
2019/06/12,ATL,PIT,69,ltor,11,.281,.362,.492,.854,.266,.319,.484,.803,.306,.395,.589,.984,.310,.358,.421,.778,.190,.292,.381,.673,.286,.328,.471,.799,1.38,0.8850931677018633,2.749689440993789,0.21923076923076923,0.06538461538461539,13.50,2.25,4.45,0.3333333333333333,0.09523809523809523,3
2019/06/13,ATL,PIT,74,rtol,15,.283,.365,.491,.855,.268,.323,.486,.809,.309,.401,.588,.988,.321,.371,.435,.806,.333,.386,.536,.921,.287,.328,.480,.808,3.03,1.2172774869109946,4.273298429319372,0.22699386503067484,0.11349693251533742,4.40,1.2256267409470754,3.8545961002785516,0.18831168831168832,0.06493506493506493,0
2019/06/14,ATL,PHI,80,fromrf,5,.285,.365,.493,.858,.266,.328,.483,.810,.311,.401,.592,.992,.284,.331,.453,.784,.250,.356,.464,.820,.278,.333,.457,.791,3.75,1.3172804532577904,3.922379603399434,0.21710526315789475,0.0625,4.93,1.4171122994652408,4.617112299465241,0.22289156626506024,0.060240963855421686,0
2019/06/15,ATL,PHI,82,tocf,7,.287,.366,.495,.860,.266,.329,.479,.808,.313,.401,.599,1.000,.285,.336,.452,.788,.249,.353,.471,.824,.276,.331,.452,.783,2.30,1.4840989399293287,3.341342756183746,0.1925925925925926,0.07407407407407407,4.58,1.5384615384615383,4.306612685560054,0.2551928783382789,0.10089020771513353,0
2019/06/16,ATL,PHI,85,fromrf,8,.287,.366,.491,.857,.267,.333,.481,.815,.308,.397,.591,.988,.279,.330,.443,.772,.246,.354,.465,.819,.347,.389,.669,1.058,6.02,1.3429752066115703,6.423140495867768,0.19718309859154928,0.06103286384976526,4.08,1.6172506738544477,6.057142857142858,0.2556818181818182,0.11931818181818182,3
2019/06/17,ATL,NYN,86,fromrf,8,.296,.375,.507,.882,.266,.331,.476,.807,.311,.401,.593,.993,.333,.404,.457,.861,.263,.347,.604,.951,.240,.289,.371,.660,1.92,0.9798270893371757,2.9262247838616715,0.21052631578947367,0.06315789473684211,4.87,1.302857142857143,3.7942857142857145,0.2612137203166227,0.06860158311345646,2
2019/06/18,ATL,NYN,76,rtol,6,.301,.380,.519,.899,.261,.328,.467,.795,.313,.404,.592,.995,.327,.397,.449,.846,.263,.346,.598,.944,.240,.288,.385,.673,2.92,1.2014563106796117,4.255825242718447,0.21714285714285714,0.11428571428571428,3.38,1.1313868613138687,3.1391727493917276,0.2991202346041056,0.05865102639296188,0
2019/06/19,ATL,NYN,85,fromrf,10,.297,.376,.512,.888,.262,.328,.470,.798,.313,.402,.597,.999,.333,.404,.470,.874,.274,.359,.624,.982,.262,.384,.507,.890,4.11,1.3636363636363638,4.202673796791444,0.21406727828746178,0.06422018348623854,3.93,1.348148148148148,4.681481481481482,0.24242424242424243,0.07407407407407407,3
2019/07/02,ATL,PHI,92,rtol,7,.295,.376,.513,.889,.269,.332,.483,.815,.312,.399,.592,.991,.313,.363,.585,.948,.272,.316,.452,.768,.250,.368,.471,.839,5.06,1.8627450980392157,7.513725490196079,0.09803921568627451,0.058823529411764705,4.22,1.4055793991416308,4.208583690987124,0.2644230769230769,0.09134615384615384,0
2019/07/03,ATL,PHI,89,fromrf,7,.292,.375,.509,.883,.269,.332,.480,.812,.309,.395,.585,.979,.311,.361,.578,.939,.275,.318,.453,.771,.247,.364,.465,.829,8.31,1.9512195121951221,5.760975609756098,0.24390243902439024,0.12195121951219512,5.63,1.5769944341372912,5.908719851576995,0.1935483870967742,0.07258064516129033,0
2019/07/04,ATL,PHI,90,ltor,6,.292,.373,.506,.879,.269,.331,.477,.808,.308,.393,.581,.974,.304,.354,.565,.919,.272,.317,.449,.766,.248,.365,.473,.838,2.13,0.9940119760479041,3.1520958083832338,0.19705882352941176,0.05588235294117647,3.34,1.2564901349948079,4.435721703011422,0.1951219512195122,0.05853658536585366,6
2019/07/05,ATL,MIA,79,rtol,7,.291,.374,.503,.877,.284,.346,.478,.824,.309,.393,.590,.983,.296,.355,.375,.730,.187,.268,.359,.627,.307,.372,.466,.838,3.99,1.3903743315508021,4.740106951871658,0.20481927710843373,0.1180722891566265,1.57,0.9130434782608695,2.8956521739130436,0.25842696629213485,0.1348314606741573,0
2019/07/06,ATL,MIA,93,tolf,6,.291,.373,.500,.873,.281,.342,.472,.815,.309,.394,.590,.985,.292,.351,.369,.720,.296,.419,.479,.897,.302,.370,.458,.828,4.04,1.383442265795207,3.810021786492375,0.22613065326633167,0.07035175879396985,3.41,1.0260336906584993,4.241347626339969,0.3153846153846154,0.07692307692307693,2
2019/07/07,ATL,MIA,79,rtol,5,.291,.371,.506,.877,.274,.334,.500,.834,.309,.393,.586,.979,.293,.351,.373,.725,.289,.407,.461,.867,.308,.377,.462,.839,4.08,1.5116279069767442,5.758139534883721,0.10126582278481013,0.06329113924050633,4.02,1.3275299238302503,4.560174102285092,0.20802005012531327,0.10025062656641603,0
2019/07/18,ATL,WAS,79,tolf,6,.287,.370,.501,.871,.266,.332,.478,.810,.297,.385,.573,.958,.280,.340,.474,.814,.282,.365,.387,.752,.311,.395,.609,1.004,7.07,1.8796992481203008,7.936842105263158,0.16923076923076924,0.15384615384615385,3.46,1.0687655343827673,3.1088649544324776,0.2909090909090909,0.06060606060606061,1
2019/07/19,ATL,WAS,80,rtol,6,.286,.368,.497,.865,.267,.332,.477,.809,.297,.384,.570,.953,.282,.340,.475,.815,.283,.365,.391,.756,.316,.399,.615,1.015,3.71,1.3364928909952607,4.726066350710901,0.20950323974082075,0.11231101511879049,3.39,1.1317567567567568,3.326689189189189,0.28778467908902694,0.07246376811594203,0
2019/07/20,ATL,WAS,83,ltor,6,.290,.373,.503,.875,.270,.335,.480,.815,.296,.384,.566,.950,.278,.338,.469,.807,.282,.364,.390,.754,.318,.401,.614,1.014,2.24,1.0665258711721226,2.9360084477296726,0.20971867007672634,0.056265984654731455,3.71,1.355353075170843,4.635079726651481,0.19592875318066158,0.089058524173028,1
2019/07/21,ATL,WAS,88,fromrf,7,.293,.375,.503,.878,.266,.331,.473,.804,.297,.384,.564,.948,.280,.340,.472,.811,.287,.367,.396,.762,.321,.403,.612,1.015,6.21,1.5485996705107086,4.188467874794069,0.22614840989399293,0.08480565371024736,11.05,2.421875,7.41875,0.15384615384615385,0.11538461538461539,2
2019/07/23,ATL,KCA,79,rtol,14,.295,.378,.510,.888,.263,.329,.468,.798,.301,.387,.567,.954,.309,.360,.502,.862,.278,.354,.439,.793,.290,.372,.545,.917,3.58,1.36986301369863,5.282191780821918,0.1375,0.075,4.52,1.4180929095354524,4.862591687041565,0.19382022471910113,0.08707865168539326,1
2019/07/24,ATL,KCA,82,unknown,4,.292,.378,.506,.884,.287,.345,.474,.818,.303,.387,.565,.952,.308,.361,.500,.861,.283,.358,.454,.812,.288,.373,.542,.915,3.61,1.3098464317976513,4.564046973803071,0.21074380165289255,0.10743801652892562,4.18,1.4239218877135884,4.387957689178194,0.16758747697974216,0.10497237569060773,0
2019/08/01,ATL,CIN,81,ltor,6,.290,.374,.498,.872,.285,.343,.477,.820,.305,.397,.557,.954,.285,.346,.475,.821,.262,.347,.402,.749,.258,.335,.531,.866,4.21,1.4405986903648271,4.041908325537886,0.2297872340425532,0.07234042553191489,4.01,1.3260219341974078,4.426321036889332,0.2505694760820046,0.0683371298405467,3
2019/08/02,ATL,CIN,80,ltor,5,.290,.373,.498,.871,.288,.345,.478,.823,.305,.397,.563,.959,.267,.352,.476,.827,.262,.347,.404,.751,.256,.333,.527,.859,5.97,1.4789687924016284,4.149796472184532,0.23809523809523808,0.0744047619047619,3.86,1.9047619047619047,5.104761904761904,0.18181818181818182,0.045454545454545456,2
2019/08/03,ATL,CIN,82,tocf,4,.289,.372,.502,.875,.285,.342,.474,.816,.302,.394,.557,.951,.285,.345,.474,.819,.266,.350,.414,.764,.260,.340,.529,.869,3.86,1.3655462184873952,4.8386554621848745,0.18095238095238095,0.08571428571428572,3.79,1.2385919165580184,4.158279009126467,0.2786144578313253,0.09487951807228916,0
2019/08/04,ATL,CIN,83,ltor,3,.288,.372,.499,.871,.287,.345,.478,.823,.256,.366,.514,.880,.268,.351,.473,.824,.263,.348,.410,.758,.261,.341,.528,.868,3.38,1.3018714401952807,4.436777868185517,0.2122905027932961,0.1042830540037244,3.45,1.1596788581623552,3.4854594112399644,0.2801724137931034,0.08405172413793104,0
2019/08/13,ATL,NYN,94,rtol,7,.298,.378,.538,.916,.300,.356,.508,.864,.309,.402,.567,.969,.334,.403,.533,.936,.279,.317,.438,.755,.258,.363,.592,.955,3.89,1.3898305084745763,3.7508474576271187,0.23735408560311283,0.06809338521400778,4.20,1.234567901234568,3.4251270878721862,0.2547008547008547,0.05982905982905983,2
2019/08/14,ATL,NYN,75,ltor,5,.299,.378,.543,.921,.299,.354,.505,.859,.311,.404,.568,.972,.275,.314,.433,.747,.307,.373,.519,.893,.258,.363,.589,.952,4.83,1.4013840830449829,5.276124567474049,0.17898832684824903,0.07782101167315175,4.49,1.435228331780056,4.7470643056849955,0.21711899791231734,0.0709812108559499,0
2019/08/15,ATL,NYN,88,tocf,11,.298,.377,.540,.918,.299,.353,.503,.857,.308,.401,.563,.964,.281,.319,.438,.756,.237,.312,.319,.631,.256,.362,.584,.945,3.35,1.2972572275759822,4.4231282431430685,0.21465076660988075,0.10732538330494037,3.20,1.3092550790067723,3.5085026335590674,0.19715808170515098,0.07104795737122557,3
2019/08/16,ATL,LAN,90,tocf,6,.298,.378,.544,.922,.298,.352,.500,.852,.311,.405,.577,.981,.236,.329,.489,.818,.259,.370,.520,.890,.289,.372,.501,.873,2.32,1.096108022239873,3.1682287529785547,0.2,0.05825242718446602,4.12,1.12141652613828,4.102192242833053,0.2565130260521042,0.0781563126252505,0
2019/08/17,ATL,LAN,91,ltor,4,.297,.376,.541,.917,.297,.353,.498,.851,.308,.402,.572,.974,.239,.332,.490,.822,.258,.368,.523,.891,.291,.372,.507,.879,6.24,1.4532374100719425,5.84748201438849,0.2057877813504823,0.07717041800643087,1.45,0.9446022727272726,2.8306818181818185,0.21920289855072464,0.030797101449275364,0
2019/08/18,ATL,LAN,89,fromcf,2,.295,.375,.537,.913,.296,.352,.498,.850,.305,.399,.567,.966,.266,.324,.452,.776,.296,.379,.511,.890,.329,.404,.829,1.233,3.78,1.3951612903225807,3.756451612903226,0.23333333333333334,0.07037037037037037,3.21,0.8571428571428571,2.4857142857142858,0.23214285714285715,0.017857142857142856,3
2019/08/20,ATL,MIA,89,fromlf,7,.296,.376,.537,.913,.296,.352,.498,.850,.303,.396,.562,.958,.275,.358,.433,.791,.188,.245,.271,.516,.259,.338,.469,.807,4.39,1.3793103448275863,5.0025078369905955,0.18861209964412812,0.07829181494661921,5.40,1.3346228239845261,6.294777562862669,0.23809523809523808,0.08225108225108226,0
2019/08/21,ATL,MIA,90,rtol,5,.296,.376,.537,.913,.294,.349,.494,.843,.307,.399,.576,.975,.274,.355,.452,.806,.173,.228,.250,.478,.264,.343,.475,.818,3.71,1.3676470588235294,4.545588235294118,0.2129783693843594,0.10981697171381032,3.63,1.1040723981900453,4.439819004524887,0.29046563192904656,0.08647450110864745,0
2019/08/22,ATL,MIA,89,rtol,8,.296,.377,.542,.918,.291,.347,.490,.837,.304,.396,.571,.967,.268,.352,.441,.793,.164,.230,.236,.466,.262,.340,.470,.811,2.41,1.1203633610900834,3.2757002271006814,0.1974169741697417,0.06088560885608856,4.35,1.4418272662384013,4.941613133476089,0.16422764227642275,0.11219512195121951,0
2019/08/30,ATL,CHA,85,ltor,8,.288,.371,.524,.895,.283,.340,.480,.820,.299,.392,.573,.966,.277,.308,.382,.690,.329,.350,.499,.849,.284,.323,.503,.826,4.03,1.4253731343283582,3.7820895522388063,0.23720136518771331,0.06996587030716724,4.37,1.3963963963963966,4.911711711711712,0.14477611940298507,0.056716417910447764,0
2019/08/31,ATL,CHA,85,ltor,8,.287,.344,.486,.830,.259,.325,.456,.781,.300,.392,.574,.966,.276,.307,.380,.687,.325,.346,.492,.838,.283,.322,.501,.823,3.78,1.3411458333333335,4.736458333333333,0.20180722891566266,0.08132530120481928,5.08,1.4735432016075019,4.988345612860014,0.20597014925373133,0.08358208955223881,7
2019/09/01,ATL,CHA,86,ltor,6,.286,.367,.519,.886,.289,.348,.487,.835,.299,.392,.571,.964,.275,.306,.378,.685,.326,.346,.494,.840,.284,.325,.500,.825,3.39,1.342281879194631,4.374496644295302,0.21658986175115208,0.11059907834101383,3.20,1.1204663212435233,3.2971502590673576,0.320695102685624,0.08530805687203792,2
2019/09/02,ATL,TOR,87,ltor,7,.284,.367,.516,.883,.288,.347,.485,.832,.302,.394,.584,.979,.328,.361,.613,.974,.214,.345,.388,.733,.233,.287,.432,.719,2.44,1.109579600275672,3.1862164024810475,0.19120135363790186,0.05583756345177665,3.93,1.287313432835821,4.505970149253732,0.18025751072961374,0.07296137339055794,2
2019/09/03,ATL,TOR,89,tocf,6,.282,.364,.513,.877,.287,.348,.483,.831,.300,.392,.580,.972,.329,.365,.607,.972,.214,.344,.389,.733,.278,.351,.460,.811,5.59,1.4723203769140163,5.567491166077739,0.20572916666666666,0.08072916666666667,4.22,1.3224368499257058,4.4481426448737,0.2635135135135135,0.08445945945945946,2
2019/09/05,ATL,WAS,88,rtol,13,.282,.365,.514,.879,.286,.348,.481,.829,.302,.394,.582,.976,.298,.357,.480,.837,.251,.324,.426,.751,.338,.417,.636,1.053,4.05,1.4,3.6428571428571432,0.24549918166939444,0.06873977086743044,3.47,1.0556186152099887,3.120544835414302,0.29778393351800553,0.05955678670360111,2
2019/09/06,ATL,WAS,88,rtol,10,.283,.365,.519,.885,.288,.349,.483,.832,.302,.393,.580,.973,.295,.354,.475,.829,.325,.376,.551,.927,.338,.416,.633,1.049,3.72,1.3526570048309179,4.62512077294686,0.19390581717451524,0.07479224376731301,3.19,1.1296829971181557,3.2922190201729107,0.2834978843441467,0.076163610719323,0
2019/09/07,ATL,WAS,89,tolf,11,.283,.364,.517,.881,.290,.350,.490,.840,.302,.394,.578,.972,.296,.354,.475,.829,.287,.375,.433,.808,.338,.417,.631,1.048,3.38,1.335483870967742,4.341935483870968,0.21597633136094674,0.11242603550295859,3.91,1.210762331838565,4.0071748878923765,0.24742268041237114,0.061855670103092786,1
2019/09/08,ATL,WAS,89,torf,3,.281,.362,.513,.875,.289,.349,.494,.843,.302,.395,.577,.972,.300,.358,.482,.839,.285,.374,.430,.804,.335,.415,.627,1.043,2.53,1.1192538307794804,3.3199200532978015,0.19412724306688417,0.057096247960848286,2.60,1.023728813559322,2.2508474576271187,0.34731543624161076,0.04697986577181208,2
2019/09/17,ATL,PHI,90,tolf,6,.278,.361,.509,.870,.295,.352,.502,.855,.302,.393,.567,.961,.283,.328,.430,.757,.277,.329,.498,.827,.253,.372,.492,.864,3.35,1.3291139240506329,4.402531645569621,0.1975609756097561,0.07804878048780488,4.95,1.4545454545454548,5.523232323232324,0.24944812362030905,0.09050772626931568,2
2019/09/18,ATL,PHI,77,ltor,10,.277,.361,.509,.870,.294,.351,.503,.854,.301,.395,.565,.960,.282,.337,.403,.740,.277,.328,.496,.824,.255,.373,.492,.865,3.50,1.3272727272727274,4.551515151515152,0.2164804469273743,0.11173184357541899,4.20,1.3678242381289867,4.7308291991495395,0.18840579710144928,0.0644122383252818,0
2019/09/19,ATL,PHI,75,ltor,11,.279,.362,.509,.871,.293,.350,.502,.852,.299,.394,.562,.956,.282,.337,.407,.744,.276,.328,.494,.822,.255,.373,.497,.871,2.57,1.1104256631708822,3.4899444787168417,0.19726858877086495,0.05918057663125948,3.62,1.2573255194459245,3.9032498668087374,0.27,0.0925,0
2019/09/20,ATL,SFN,77,ltor,7,.279,.363,.513,.876,.293,.350,.500,.850,.299,.395,.561,.956,.267,.327,.513,.840,.238,.342,.412,.754,.258,.328,.444,.772,4.80,1.3411078717201166,5.124198250728863,0.2080536912751678,0.07829977628635347,5.02,1.57088122605364,5.16360153256705,0.20824742268041238,0.09072164948453608,1
2019/09/21,ATL,SFN,80,ltor,3,.281,.366,.521,.887,.221,.277,.389,.666,.257,.377,.523,.900,.264,.303,.444,.747,.250,.352,.447,.800,.254,.318,.362,.679,4.25,1.3887086307592473,3.809993510707333,0.24776119402985075,0.06865671641791045,0.00,0.7,2.9000000000000004,0.16666666666666666,0.08333333333333333,0
2019/09/22,ATL,SFN,81,ltor,3,.246,.324,.424,.748,.228,.286,.399,.685,.298,.392,.558,.951,.250,.288,.421,.709,.272,.332,.519,.850,.256,.356,.449,.804,3.63,1.3527054108216434,4.592785571142285,0.1912442396313364,0.07603686635944701,6.51,1.8217054263565893,4.672868217054264,0.1937984496124031,0.08527131782945736,0
